,temp,rain_1h,snow_1h,clouds_all,date_time,traffic_volume
count,48187.0,48187.0,48187.0,48187.0,48187,48187.0
mean,281.25535891423,0.0,0.0,49.36545126278872,2016-01-05 06:49:48.133729024,3259.618133521489
min,242.6910000000001,0.0,0.0,0.0,2012-10-02 09:00:00,0.0
25%,272.16,0.0,0.0,1.0,2014-02-06 07:30:00,1192.5
50%,282.45,0.0,0.0,64.0,2016-06-10 21:00:00,3379.0
75%,291.806,0.0,0.0,90.0,2017-08-11 05:30:00,4933.0
max,310.07,0.0,0.0,100.0,2018-09-30 23:00:00,7280.0
std,12.720715400859751,0.0,0.0,39.01521275242004,,1986.9544648251967
